<Advertisements>
   <Ad>
      <ImageUrl>./SampleBanner.gif</ImageUrl>
      <NavigateUrl>http://www.google.com</NavigateUrl>
      <AlternateText>Cick me now!</AlternateText>
      <Keyword>ShowMe</Keyword>
      <Impressions>71</Impressions>
   </Ad>
   <Ad>
      <ImageUrl>./AnotherSample.gif</ImageUrl>
      <NavigateUrl>http://www.microsoft.com</NavigateUrl>
      <AlternateText>Go to Microsoft Site</AlternateText>
      <Keyword>ShowMe</Keyword>
      <Impressions>70</Impressions>
   </Ad>
   <Ad>
      <ImageUrl>./DoesNotExist.gif</ImageUrl>
      <NavigateUrl>http://www.microsoft.com</NavigateUrl>
      <AlternateText>Won't see me</AlternateText>
      <Keyword>DoNotShowMe</Keyword>
      <Impressions>2000</Impressions>
   </Ad>
</Advertisements>